-- Seed data for local development
-- Note: Auth users must be created via Supabase Auth (dashboard or API).
-- This seeds the application tables only.

-- Therapists
INSERT INTO therapists (id, full_name, phone, email, color) VALUES
  ('a1111111-1111-1111-1111-111111111111', 'Dana Cohen',    '+972501234501', 'dana@example.com',  '#3B82F6'),
  ('a2222222-2222-2222-2222-222222222222', 'Yael Levy',     '+972501234502', 'yael@example.com',  '#10B981'),
  ('a3333333-3333-3333-3333-333333333333', 'Noam Shapira',  '+972501234503', 'noam@example.com',  '#F59E0B');

-- Rooms
INSERT INTO rooms (id, name, description) VALUES
  ('b1111111-1111-1111-1111-111111111111', 'Lotus Room',   'Ground floor, couples massage'),
  ('b2222222-2222-2222-2222-222222222222', 'Zen Room',     'Second floor, single treatments'),
  ('b3333333-3333-3333-3333-333333333333', 'Ocean Room',   'Ground floor, facial & body');

-- Services
INSERT INTO services (id, name, description, duration_minutes, buffer_minutes, price_ils) VALUES
  ('c1111111-1111-1111-1111-111111111111', 'Swedish Massage',       'Full body relaxation massage',    60, 15, 35000),
  ('c2222222-2222-2222-2222-222222222222', 'Deep Tissue Massage',   'Focused pressure therapy',        60, 15, 40000),
  ('c3333333-3333-3333-3333-333333333333', 'Facial Treatment',      'Cleansing and rejuvenation',      45, 10, 28000),
  ('c4444444-4444-4444-4444-444444444444', 'Hot Stone Massage',     'Heated basalt stones therapy',    90, 20, 50000),
  ('c5555555-5555-5555-5555-555555555555', 'Couples Massage',       'Side by side relaxation',         60, 15, 65000);

-- Therapist qualifications
INSERT INTO therapist_services (therapist_id, service_id) VALUES
  ('a1111111-1111-1111-1111-111111111111', 'c1111111-1111-1111-1111-111111111111'),
  ('a1111111-1111-1111-1111-111111111111', 'c2222222-2222-2222-2222-222222222222'),
  ('a1111111-1111-1111-1111-111111111111', 'c4444444-4444-4444-4444-444444444444'),
  ('a2222222-2222-2222-2222-222222222222', 'c1111111-1111-1111-1111-111111111111'),
  ('a2222222-2222-2222-2222-222222222222', 'c3333333-3333-3333-3333-333333333333'),
  ('a2222222-2222-2222-2222-222222222222', 'c5555555-5555-5555-5555-555555555555'),
  ('a3333333-3333-3333-3333-333333333333', 'c1111111-1111-1111-1111-111111111111'),
  ('a3333333-3333-3333-3333-333333333333', 'c2222222-2222-2222-2222-222222222222'),
  ('a3333333-3333-3333-3333-333333333333', 'c3333333-3333-3333-3333-333333333333');

-- Room compatibility
INSERT INTO room_services (room_id, service_id) VALUES
  ('b1111111-1111-1111-1111-111111111111', 'c1111111-1111-1111-1111-111111111111'),
  ('b1111111-1111-1111-1111-111111111111', 'c2222222-2222-2222-2222-222222222222'),
  ('b1111111-1111-1111-1111-111111111111', 'c4444444-4444-4444-4444-444444444444'),
  ('b1111111-1111-1111-1111-111111111111', 'c5555555-5555-5555-5555-555555555555'),
  ('b2222222-2222-2222-2222-222222222222', 'c1111111-1111-1111-1111-111111111111'),
  ('b2222222-2222-2222-2222-222222222222', 'c2222222-2222-2222-2222-222222222222'),
  ('b3333333-3333-3333-3333-333333333333', 'c1111111-1111-1111-1111-111111111111'),
  ('b3333333-3333-3333-3333-333333333333', 'c3333333-3333-3333-3333-333333333333');

-- Therapist availability (Sun-Thu working hours, typical Israeli schedule)
INSERT INTO therapist_availability_rules (therapist_id, day_of_week, start_time, end_time) VALUES
  ('a1111111-1111-1111-1111-111111111111', 'sunday',    '09:00', '17:00'),
  ('a1111111-1111-1111-1111-111111111111', 'monday',    '09:00', '17:00'),
  ('a1111111-1111-1111-1111-111111111111', 'tuesday',   '09:00', '17:00'),
  ('a1111111-1111-1111-1111-111111111111', 'wednesday', '09:00', '17:00'),
  ('a1111111-1111-1111-1111-111111111111', 'thursday',  '09:00', '17:00'),
  ('a2222222-2222-2222-2222-222222222222', 'sunday',    '10:00', '18:00'),
  ('a2222222-2222-2222-2222-222222222222', 'monday',    '10:00', '18:00'),
  ('a2222222-2222-2222-2222-222222222222', 'tuesday',   '10:00', '18:00'),
  ('a2222222-2222-2222-2222-222222222222', 'wednesday', '10:00', '18:00'),
  ('a2222222-2222-2222-2222-222222222222', 'thursday',  '10:00', '18:00'),
  ('a3333333-3333-3333-3333-333333333333', 'sunday',    '08:00', '14:00'),
  ('a3333333-3333-3333-3333-333333333333', 'monday',    '08:00', '14:00'),
  ('a3333333-3333-3333-3333-333333333333', 'tuesday',   '14:00', '20:00'),
  ('a3333333-3333-3333-3333-333333333333', 'wednesday', '14:00', '20:00'),
  ('a3333333-3333-3333-3333-333333333333', 'thursday',  '08:00', '14:00');

-- Customers
INSERT INTO customers (full_name, phone, email) VALUES
  ('Amit Rosenberg',  '+972521111111', 'amit@example.com'),
  ('Shira Goldberg',  '+972522222222', 'shira@example.com'),
  ('Oren Mizrachi',   '+972523333333', NULL);
